id,Month Year,ONI,Mark,Year,Month,moving,Extreme ElNino,Extreme LaNina
0,1/1/79,0,neutral,1979,January,DJF,,
1,2/1/79,0.1,neutral,1979,February,JFM,,
2,3/1/79,0.2,neutral,1979,March,FMA,,
3,4/1/79,0.3,neutral,1979,April,MAM,,
4,5/1/79,0.2,neutral,1979,May,AMJ,,
5,6/1/79,0,neutral,1979,June,MJJ,,
6,7/1/79,0,neutral,1979,July,JJA,,
7,8/1/79,0.2,neutral,1979,August,JAS,,
8,9/1/79,0.3,neutral,1979,September,ASO,,
9,10/1/79,0.5,neutral,1979,October,SON,,
10,11/1/79,0.5,neutral,1979,November,OND,,
11,12/1/79,0.6,neutral,1979,December,NDJ,,
12,1/1/80,0.6,neutral,1980,January,DJF,,
13,2/1/80,0.5,elnino,1980,February,JFM,,
14,3/1/80,0.3,neutral,1980,March,FMA,,
15,4/1/80,0.4,neutral,1980,April,MAM,,
16,5/1/80,0.5,neutral,1980,May,AMJ,,
17,6/1/80,0.5,neutral,1980,June,MJJ,,
18,7/1/80,0.3,neutral,1980,July,JJA,,
19,8/1/80,0,neutral,1980,August,JAS,,
20,9/1/80,-0.1,neutral,1980,September,ASO,,
21,10/1/80,0,neutral,1980,October,SON,,
22,11/1/80,0.1,neutral,1980,November,OND,,
23,12/1/80,0,neutral,1980,December,NDJ,,
24,1/1/81,-0.3,neutral,1981,January,DJF,,
25,2/1/81,-0.5,neutral,1981,February,JFM,,
26,3/1/81,-0.5,neutral,1981,March,FMA,,
27,4/1/81,-0.4,neutral,1981,April,MAM,,
28,5/1/81,-0.3,neutral,1981,May,AMJ,,
29,6/1/81,-0.3,neutral,1981,June,MJJ,,
30,7/1/81,-0.3,neutral,1981,July,JJA,,
31,8/1/81,-0.2,neutral,1981,August,JAS,,
32,9/1/81,-0.2,neutral,1981,September,ASO,,
33,10/1/81,-0.1,neutral,1981,October,SON,,
34,11/1/81,-0.2,neutral,1981,November,OND,,
35,12/1/81,-0.1,neutral,1981,December,NDJ,,
36,1/1/82,0,neutral,1982,January,DJF,,
37,2/1/82,0.1,neutral,1982,February,JFM,,
38,3/1/82,0.2,neutral,1982,March,FMA,,
39,4/1/82,0.5,neutral,1982,April,MAM,,
40,5/1/82,0.7,neutral,1982,May,AMJ,,
41,6/1/82,0.7,neutral,1982,June,MJJ,,
42,7/1/82,0.8,neutral,1982,July,JJA,,
43,8/1/82,1.1,extreme_elnino,1982,August,JAS,1.1,
44,9/1/82,1.6,extreme_elnino,1982,September,ASO,1.6,
45,10/1/82,2,extreme_elnino,1982,October,SON,2,
46,11/1/82,2.2,extreme_elnino,1982,November,OND,2.2,
47,12/1/82,2.2,extreme_elnino,1982,December,NDJ,2.2,
48,1/1/83,2.2,extreme_elnino,1983,January,DJF,2.2,
49,2/1/83,1.9,extreme_elnino,1983,February,JFM,1.9,
50,3/1/83,1.5,extreme_elnino,1983,March,FMA,1.5,
51,4/1/83,1.3,extreme_elnino,1983,April,MAM,1.3,
52,5/1/83,1.1,extreme_elnino,1983,May,AMJ,1.1,
53,6/1/83,0.7,extreme_elnino,1983,June,MJJ,0.7,
54,7/1/83,0.3,neutral,1983,July,JJA,,
55,8/1/83,-0.1,neutral,1983,August,JAS,,
56,9/1/83,-0.5,neutral,1983,September,ASO,,
57,10/1/83,-0.8,neutral,1983,October,SON,,
58,11/1/83,-1,neutral,1983,November,OND,,
59,12/1/83,-0.9,neutral,1983,December,NDJ,,
60,1/1/84,-0.6,lanina,1984,January,DJF,,
61,2/1/84,-0.4,neutral,1984,February,JFM,,
62,3/1/84,-0.3,neutral,1984,March,FMA,,
63,4/1/84,-0.4,neutral,1984,April,MAM,,
64,5/1/84,-0.5,neutral,1984,May,AMJ,,
65,6/1/84,-0.4,neutral,1984,June,MJJ,,
66,7/1/84,-0.3,neutral,1984,July,JJA,,
67,8/1/84,-0.2,neutral,1984,August,JAS,,
68,9/1/84,-0.2,neutral,1984,September,ASO,,
69,10/1/84,-0.6,neutral,1984,October,SON,,
70,11/1/84,-0.9,neutral,1984,November,OND,,
71,12/1/84,-1.1,neutral,1984,December,NDJ,,
72,1/1/85,-1,neutral,1985,January,DJF,,
73,2/1/85,-0.8,lanina,1985,February,JFM,,
74,3/1/85,-0.8,lanina,1985,March,FMA,,
75,4/1/85,-0.8,lanina,1985,April,MAM,,
76,5/1/85,-0.8,lanina,1985,May,AMJ,,
77,6/1/85,-0.6,lanina,1985,June,MJJ,,
78,7/1/85,-0.5,lanina,1985,July,JJA,,
79,8/1/85,-0.5,lanina,1985,August,JAS,,
80,9/1/85,-0.4,neutral,1985,September,ASO,,
81,10/1/85,-0.3,neutral,1985,October,SON,,
82,11/1/85,-0.3,neutral,1985,November,OND,,
83,12/1/85,-0.4,neutral,1985,December,NDJ,,
84,1/1/86,-0.5,neutral,1986,January,DJF,,
85,2/1/86,-0.5,neutral,1986,February,JFM,,
86,3/1/86,-0.3,neutral,1986,March,FMA,,
87,4/1/86,-0.2,neutral,1986,April,MAM,,
88,5/1/86,-0.1,neutral,1986,May,AMJ,,
89,6/1/86,0,neutral,1986,June,MJJ,,
90,7/1/86,0.2,neutral,1986,July,JJA,,
91,8/1/86,0.4,neutral,1986,August,JAS,,
92,9/1/86,0.7,neutral,1986,September,ASO,,
93,10/1/86,0.9,neutral,1986,October,SON,,
94,11/1/86,1.1,neutral,1986,November,OND,,
95,12/1/86,1.2,neutral,1986,December,NDJ,,
96,1/1/87,1.2,elnino,1987,January,DJF,,
97,2/1/87,1.2,elnino,1987,February,JFM,,
98,3/1/87,1.1,elnino,1987,March,FMA,,
99,4/1/87,0.9,elnino,1987,April,MAM,,
100,5/1/87,1,elnino,1987,May,AMJ,,
101,6/1/87,1.2,elnino,1987,June,MJJ,,
102,7/1/87,1.5,elnino,1987,July,JJA,,
103,8/1/87,1.7,elnino,1987,August,JAS,,
104,9/1/87,1.6,elnino,1987,September,ASO,,
105,10/1/87,1.5,elnino,1987,October,SON,,
106,11/1/87,1.3,elnino,1987,November,OND,,
107,12/1/87,1.1,elnino,1987,December,NDJ,,
108,1/1/88,0.8,elnino,1988,January,DJF,,
109,2/1/88,0.5,elnino,1988,February,JFM,,
110,3/1/88,0.1,neutral,1988,March,FMA,,
111,4/1/88,-0.3,neutral,1988,April,MAM,,
112,5/1/88,-0.9,neutral,1988,May,AMJ,,
113,6/1/88,-1.3,neutral,1988,June,MJJ,,
114,7/1/88,-1.3,neutral,1988,July,JJA,,
115,8/1/88,-1.1,neutral,1988,August,JAS,,
116,9/1/88,-1.2,extreme_lanina,1988,September,ASO,,-1.2
117,10/1/88,-1.5,extreme_lanina,1988,October,SON,,-1.5
118,11/1/88,-1.8,extreme_lanina,1988,November,OND,,-1.8
119,12/1/88,-1.8,extreme_lanina,1988,December,NDJ,,-1.8
120,1/1/89,-1.7,extreme_lanina,1989,January,DJF,,-1.7
121,2/1/89,-1.4,extreme_lanina,1989,February,JFM,,-1.4
122,3/1/89,-1.1,extreme_lanina,1989,March,FMA,,-1.1
123,4/1/89,-0.8,extreme_lanina,1989,April,MAM,,-0.8
124,5/1/89,-0.6,extreme_lanina,1989,May,AMJ,,-0.6
125,6/1/89,-0.4,neutral,1989,June,MJJ,,
126,7/1/89,-0.3,neutral,1989,July,JJA,,
127,8/1/89,-0.3,neutral,1989,August,JAS,,
128,9/1/89,-0.2,neutral,1989,September,ASO,,
129,10/1/89,-0.2,neutral,1989,October,SON,,
130,11/1/89,-0.2,neutral,1989,November,OND,,
131,12/1/89,-0.1,neutral,1989,December,NDJ,,
132,1/1/90,0.1,neutral,1990,January,DJF,,
133,2/1/90,0.2,neutral,1990,February,JFM,,
134,3/1/90,0.3,neutral,1990,March,FMA,,
135,4/1/90,0.3,neutral,1990,April,MAM,,
136,5/1/90,0.3,neutral,1990,May,AMJ,,
137,6/1/90,0.3,neutral,1990,June,MJJ,,
138,7/1/90,0.3,neutral,1990,July,JJA,,
139,8/1/90,0.4,neutral,1990,August,JAS,,
140,9/1/90,0.4,neutral,1990,September,ASO,,
141,10/1/90,0.3,neutral,1990,October,SON,,
142,11/1/90,0.4,neutral,1990,November,OND,,
143,12/1/90,0.4,neutral,1990,December,NDJ,,
144,1/1/91,0.4,neutral,1991,January,DJF,,
145,2/1/91,0.3,neutral,1991,February,JFM,,
146,3/1/91,0.2,neutral,1991,March,FMA,,
147,4/1/91,0.3,neutral,1991,April,MAM,,
148,5/1/91,0.5,neutral,1991,May,AMJ,,
149,6/1/91,0.6,neutral,1991,June,MJJ,,
150,7/1/91,0.7,neutral,1991,July,JJA,,
151,8/1/91,0.6,neutral,1991,August,JAS,,
152,9/1/91,0.6,elnino,1991,September,ASO,,
153,10/1/91,0.8,elnino,1991,October,SON,,
154,11/1/91,1.2,elnino,1991,November,OND,,
155,12/1/91,1.5,elnino,1991,December,NDJ,,
156,1/1/92,1.7,elnino,1992,January,DJF,,
157,2/1/92,1.6,elnino,1992,February,JFM,,
158,3/1/92,1.5,elnino,1992,March,FMA,,
159,4/1/92,1.3,elnino,1992,April,MAM,,
160,5/1/92,1.1,elnino,1992,May,AMJ,,
161,6/1/92,0.7,elnino,1992,June,MJJ,,
162,7/1/92,0.4,neutral,1992,July,JJA,,
163,8/1/92,0.1,neutral,1992,August,JAS,,
164,9/1/92,-0.1,neutral,1992,September,ASO,,
165,10/1/92,-0.2,neutral,1992,October,SON,,
166,11/1/92,-0.3,neutral,1992,November,OND,,
167,12/1/92,-0.1,neutral,1992,December,NDJ,,
168,1/1/93,0.1,neutral,1993,January,DJF,,
169,2/1/93,0.3,neutral,1993,February,JFM,,
170,3/1/93,0.5,neutral,1993,March,FMA,,
171,4/1/93,0.7,neutral,1993,April,MAM,,
172,5/1/93,0.7,neutral,1993,May,AMJ,,
173,6/1/93,0.6,neutral,1993,June,MJJ,,
174,7/1/93,0.3,neutral,1993,July,JJA,,
175,8/1/93,0.3,neutral,1993,August,JAS,,
176,9/1/93,0.2,neutral,1993,September,ASO,,
177,10/1/93,0.1,neutral,1993,October,SON,,
178,11/1/93,0,neutral,1993,November,OND,,
179,12/1/93,0.1,neutral,1993,December,NDJ,,
180,1/1/94,0.1,neutral,1994,January,DJF,,
181,2/1/94,0.1,neutral,1994,February,JFM,,
182,3/1/94,0.2,neutral,1994,March,FMA,,
183,4/1/94,0.3,neutral,1994,April,MAM,,
184,5/1/94,0.4,neutral,1994,May,AMJ,,
185,6/1/94,0.4,neutral,1994,June,MJJ,,
186,7/1/94,0.4,neutral,1994,July,JJA,,
187,8/1/94,0.4,neutral,1994,August,JAS,,
188,9/1/94,0.6,neutral,1994,September,ASO,,
189,10/1/94,0.7,neutral,1994,October,SON,,
190,11/1/94,1,neutral,1994,November,OND,,
191,12/1/94,1.1,neutral,1994,December,NDJ,,
192,1/1/95,1,elnino,1995,January,DJF,,
193,2/1/95,0.7,elnino,1995,February,JFM,,
194,3/1/95,0.5,elnino,1995,March,FMA,,
195,4/1/95,0.3,neutral,1995,April,MAM,,
196,5/1/95,0.1,neutral,1995,May,AMJ,,
197,6/1/95,0,neutral,1995,June,MJJ,,
198,7/1/95,-0.2,neutral,1995,July,JJA,,
199,8/1/95,-0.5,neutral,1995,August,JAS,,
200,9/1/95,-0.8,neutral,1995,September,ASO,,
201,10/1/95,-1,neutral,1995,October,SON,,
202,11/1/95,-1,neutral,1995,November,OND,,
203,12/1/95,-1,lanina,1995,December,NDJ,,
204,1/1/96,-0.9,lanina,1996,January,DJF,,
205,2/1/96,-0.8,lanina,1996,February,JFM,,
206,3/1/96,-0.6,lanina,1996,March,FMA,,
207,4/1/96,-0.4,neutral,1996,April,MAM,,
208,5/1/96,-0.3,neutral,1996,May,AMJ,,
209,6/1/96,-0.3,neutral,1996,June,MJJ,,
210,7/1/96,-0.3,neutral,1996,July,JJA,,
211,8/1/96,-0.3,neutral,1996,August,JAS,,
212,9/1/96,-0.4,neutral,1996,September,ASO,,
213,10/1/96,-0.4,neutral,1996,October,SON,,
214,11/1/96,-0.4,neutral,1996,November,OND,,
215,12/1/96,-0.5,neutral,1996,December,NDJ,,
216,1/1/97,-0.5,neutral,1997,January,DJF,,
217,2/1/97,-0.4,neutral,1997,February,JFM,,
218,3/1/97,-0.1,neutral,1997,March,FMA,,
219,4/1/97,0.3,neutral,1997,April,MAM,,
220,5/1/97,0.8,neutral,1997,May,AMJ,,
221,6/1/97,1.2,neutral,1997,June,MJJ,,
222,7/1/97,1.6,neutral,1997,July,JJA,,
223,8/1/97,1.9,neutral,1997,August,JAS,,
224,9/1/97,2.1,extreme_elnino,1997,September,ASO,2.1,
225,10/1/97,2.3,extreme_elnino,1997,October,SON,2.3,
226,11/1/97,2.4,extreme_elnino,1997,November,OND,2.4,
227,12/1/97,2.4,extreme_elnino,1997,December,NDJ,2.4,
228,1/1/98,2.2,extreme_elnino,1998,January,DJF,2.2,
229,2/1/98,1.9,extreme_elnino,1998,February,JFM,1.9,
230,3/1/98,1.4,extreme_elnino,1998,March,FMA,1.4,
231,4/1/98,1,extreme_elnino,1998,April,MAM,1,
232,5/1/98,0.5,extreme_elnino,1998,May,AMJ,0.5,
233,6/1/98,-0.1,neutral,1998,June,MJJ,,
234,7/1/98,-0.8,neutral,1998,July,JJA,,
235,8/1/98,-1.1,neutral,1998,August,JAS,,
236,9/1/98,-1.3,neutral,1998,September,ASO,,
237,10/1/98,-1.4,neutral,1998,October,SON,,
238,11/1/98,-1.5,extreme_lanina,1998,November,OND,,-1.5
239,12/1/98,-1.6,extreme_lanina,1998,December,NDJ,,-1.6
240,1/1/99,-1.5,extreme_lanina,1999,January,DJF,,-1.5
241,2/1/99,-1.3,extreme_lanina,1999,February,JFM,,-1.3
242,3/1/99,-1.1,extreme_lanina,1999,March,FMA,,-1.1
243,4/1/99,-1,extreme_lanina,1999,April,MAM,,-1
244,5/1/99,-1,extreme_lanina,1999,May,AMJ,,-1
245,6/1/99,-1,extreme_lanina,1999,June,MJJ,,-1
246,7/1/99,-1.1,extreme_lanina,1999,July,JJA,,-1.1
247,8/1/99,-1.1,extreme_lanina,1999,August,JAS,,-1.1
248,9/1/99,-1.2,extreme_lanina,1999,September,ASO,,-1.2
249,10/1/99,-1.3,extreme_lanina,1999,October,SON,,-1.3
250,11/1/99,-1.5,extreme_lanina,1999,November,OND,,-1.5
251,12/1/99,-1.7,extreme_lanina,1999,December,NDJ,,-1.7
252,1/1/00,-1.7,extreme_lanina,2000,January,DJF,,-1.7
253,2/1/00,-1.4,extreme_lanina,2000,February,JFM,,-1.4
254,3/1/00,-1.1,extreme_lanina,2000,March,FMA,,-1.1
255,4/1/00,-0.8,extreme_lanina,2000,April,MAM,,-0.8
256,5/1/00,-0.7,extreme_lanina,2000,May,AMJ,,-0.7
257,6/1/00,-0.6,extreme_lanina,2000,June,MJJ,,-0.6
258,7/1/00,-0.6,extreme_lanina,2000,July,JJA,,-0.6
259,8/1/00,-0.5,extreme_lanina,2000,August,JAS,,-0.5
260,9/1/00,-0.5,extreme_lanina,2000,September,ASO,,-0.5
261,10/1/00,-0.6,extreme_lanina,2000,October,SON,,-0.6
262,11/1/00,-0.7,extreme_lanina,2000,November,OND,,-0.7
263,12/1/00,-0.7,extreme_lanina,2000,December,NDJ,,-0.7
264,1/1/01,-0.7,extreme_lanina,2001,January,DJF,,-0.7
265,2/1/01,-0.5,extreme_lanina,2001,February,JFM,,-0.5
266,3/1/01,-0.4,neutral,2001,March,FMA,,
267,4/1/01,-0.3,neutral,2001,April,MAM,,
268,5/1/01,-0.3,neutral,2001,May,AMJ,,
269,6/1/01,-0.1,neutral,2001,June,MJJ,,
270,7/1/01,-0.1,neutral,2001,July,JJA,,
271,8/1/01,-0.1,neutral,2001,August,JAS,,
272,9/1/01,-0.2,neutral,2001,September,ASO,,
273,10/1/01,-0.3,neutral,2001,October,SON,,
274,11/1/01,-0.3,neutral,2001,November,OND,,
275,12/1/01,-0.3,neutral,2001,December,NDJ,,
276,1/1/02,-0.1,neutral,2002,January,DJF,,
277,2/1/02,0,neutral,2002,February,JFM,,
278,3/1/02,0.1,neutral,2002,March,FMA,,
279,4/1/02,0.2,neutral,2002,April,MAM,,
280,5/1/02,0.4,neutral,2002,May,AMJ,,
281,6/1/02,0.7,neutral,2002,June,MJJ,,
282,7/1/02,0.8,neutral,2002,July,JJA,,
283,8/1/02,0.9,neutral,2002,August,JAS,,
284,9/1/02,1,neutral,2002,September,ASO,,
285,10/1/02,1.2,elnino,2002,October,SON,,
286,11/1/02,1.3,elnino,2002,November,OND,,
287,12/1/02,1.1,elnino,2002,December,NDJ,,
288,1/1/03,0.9,elnino,2003,January,DJF,,
289,2/1/03,0.6,elnino,2003,February,JFM,,
290,3/1/03,0.4,neutral,2003,March,FMA,,
291,4/1/03,0,neutral,2003,April,MAM,,
292,5/1/03,-0.3,neutral,2003,May,AMJ,,
293,6/1/03,-0.2,neutral,2003,June,MJJ,,
294,7/1/03,0.1,neutral,2003,July,JJA,,
295,8/1/03,0.2,neutral,2003,August,JAS,,
296,9/1/03,0.3,neutral,2003,September,ASO,,
297,10/1/03,0.3,neutral,2003,October,SON,,
298,11/1/03,0.4,neutral,2003,November,OND,,
299,12/1/03,0.4,neutral,2003,December,NDJ,,
300,1/1/04,0.4,neutral,2004,January,DJF,,
301,2/1/04,0.3,neutral,2004,February,JFM,,
302,3/1/04,0.2,neutral,2004,March,FMA,,
303,4/1/04,0.2,neutral,2004,April,MAM,,
304,5/1/04,0.2,neutral,2004,May,AMJ,,
305,6/1/04,0.3,neutral,2004,June,MJJ,,
306,7/1/04,0.5,neutral,2004,July,JJA,,
307,8/1/04,0.6,neutral,2004,August,JAS,,
308,9/1/04,0.7,neutral,2004,September,ASO,,
309,10/1/04,0.7,neutral,2004,October,SON,,
310,11/1/04,0.7,elnino,2004,November,OND,,
311,12/1/04,0.7,elnino,2004,December,NDJ,,
312,1/1/05,0.6,elnino,2005,January,DJF,,
313,2/1/05,0.6,elnino,2005,February,JFM,,
314,3/1/05,0.4,neutral,2005,March,FMA,,
315,4/1/05,0.4,neutral,2005,April,MAM,,
316,5/1/05,0.3,neutral,2005,May,AMJ,,
317,6/1/05,0.1,neutral,2005,June,MJJ,,
318,7/1/05,-0.1,neutral,2005,July,JJA,,
319,8/1/05,-0.1,neutral,2005,August,JAS,,
320,9/1/05,-0.1,neutral,2005,September,ASO,,
321,10/1/05,-0.3,neutral,2005,October,SON,,
322,11/1/05,-0.6,neutral,2005,November,OND,,
323,12/1/05,-0.8,neutral,2005,December,NDJ,,
324,1/1/06,-0.9,neutral,2006,January,DJF,,
325,2/1/06,-0.8,neutral,2006,February,JFM,,
326,3/1/06,-0.6,lanina,2006,March,FMA,,
327,4/1/06,-0.4,neutral,2006,April,MAM,,
328,5/1/06,-0.1,neutral,2006,May,AMJ,,
329,6/1/06,0,neutral,2006,June,MJJ,,
330,7/1/06,0.1,neutral,2006,July,JJA,,
331,8/1/06,0.3,neutral,2006,August,JAS,,
332,9/1/06,0.5,neutral,2006,September,ASO,,
333,10/1/06,0.8,neutral,2006,October,SON,,
334,11/1/06,0.9,neutral,2006,November,OND,,
335,12/1/06,0.9,neutral,2006,December,NDJ,,
336,1/1/07,0.7,elnino,2007,January,DJF,,
337,2/1/07,0.2,neutral,2007,February,JFM,,
338,3/1/07,-0.1,neutral,2007,March,FMA,,
339,4/1/07,-0.3,neutral,2007,April,MAM,,
340,5/1/07,-0.4,neutral,2007,May,AMJ,,
341,6/1/07,-0.5,neutral,2007,June,MJJ,,
342,7/1/07,-0.6,neutral,2007,July,JJA,,
343,8/1/07,-0.8,neutral,2007,August,JAS,,
344,9/1/07,-1.1,neutral,2007,September,ASO,,
345,10/1/07,-1.3,extreme_lanina,2007,October,SON,,-1.3
346,11/1/07,-1.5,extreme_lanina,2007,November,OND,,-1.5
347,12/1/07,-1.6,extreme_lanina,2007,December,NDJ,,-1.6
348,1/1/08,-1.6,extreme_lanina,2008,January,DJF,,-1.6
349,2/1/08,-1.5,extreme_lanina,2008,February,JFM,,-1.5
350,3/1/08,-1.3,extreme_lanina,2008,March,FMA,,-1.3
351,4/1/08,-1,extreme_lanina,2008,April,MAM,,-1
352,5/1/08,-0.8,extreme_lanina,2008,May,AMJ,,-0.8
353,6/1/08,-0.6,extreme_lanina,2008,June,MJJ,,-0.6
354,7/1/08,-0.4,neutral,2008,July,JJA,,
355,8/1/08,-0.2,neutral,2008,August,JAS,,
356,9/1/08,-0.2,neutral,2008,September,ASO,,
357,10/1/08,-0.4,neutral,2008,October,SON,,
358,11/1/08,-0.6,neutral,2008,November,OND,,
359,12/1/08,-0.7,neutral,2008,December,NDJ,,
360,1/1/09,-0.8,neutral,2009,January,DJF,,
361,2/1/09,-0.8,neutral,2009,February,JFM,,
362,3/1/09,-0.6,lanina,2009,March,FMA,,
363,4/1/09,-0.3,neutral,2009,April,MAM,,
364,5/1/09,0,neutral,2009,May,AMJ,,
365,6/1/09,0.3,neutral,2009,June,MJJ,,
366,7/1/09,0.5,neutral,2009,July,JJA,,
367,8/1/09,0.6,neutral,2009,August,JAS,,
368,9/1/09,0.7,neutral,2009,September,ASO,,
369,10/1/09,1,neutral,2009,October,SON,,
370,11/1/09,1.4,elnino,2009,November,OND,,
371,12/1/09,1.6,elnino,2009,December,NDJ,,
372,1/1/10,1.5,elnino,2010,January,DJF,,
373,2/1/10,1.2,elnino,2010,February,JFM,,
374,3/1/10,0.8,elnino,2010,March,FMA,,
375,4/1/10,0.4,neutral,2010,April,MAM,,
376,5/1/10,-0.2,neutral,2010,May,AMJ,,
377,6/1/10,-0.7,neutral,2010,June,MJJ,,
378,7/1/10,-1,neutral,2010,July,JJA,,
379,8/1/10,-1.3,neutral,2010,August,JAS,,
380,9/1/10,-1.6,neutral,2010,September,ASO,,
381,10/1/10,-1.6,extreme_lanina,2010,October,SON,,-1.6
382,11/1/10,-1.6,extreme_lanina,2010,November,OND,,-1.6
383,12/1/10,-1.6,extreme_lanina,2010,December,NDJ,,-1.6
384,1/1/11,-1.4,extreme_lanina,2011,January,DJF,,-1.4
385,2/1/11,-1.2,extreme_lanina,2011,February,JFM,,-1.2
386,3/1/11,-0.9,extreme_lanina,2011,March,FMA,,-0.9
387,4/1/11,-0.7,extreme_lanina,2011,April,MAM,,-0.7
388,5/1/11,-0.6,extreme_lanina,2011,May,AMJ,,-0.6
389,6/1/11,-0.4,neutral,2011,June,MJJ,,
390,7/1/11,-0.5,neutral,2011,July,JJA,,
391,8/1/11,-0.6,neutral,2011,August,JAS,,
392,9/1/11,-0.8,neutral,2011,September,ASO,,
393,10/1/11,-1,neutral,2011,October,SON,,
394,11/1/11,-1.1,lanina,2011,November,OND,,
395,12/1/11,-1,lanina,2011,December,NDJ,,
396,1/1/12,-0.9,lanina,2012,January,DJF,,
397,2/1/12,-0.7,lanina,2012,February,JFM,,
398,3/1/12,-0.6,lanina,2012,March,FMA,,
399,4/1/12,-0.5,lanina,2012,April,MAM,,
400,5/1/12,-0.3,neutral,2012,May,AMJ,,
401,6/1/12,0,neutral,2012,June,MJJ,,
402,7/1/12,0.2,neutral,2012,July,JJA,,
403,8/1/12,0.4,neutral,2012,August,JAS,,
404,9/1/12,0.4,neutral,2012,September,ASO,,
405,10/1/12,0.3,neutral,2012,October,SON,,
406,11/1/12,0.1,neutral,2012,November,OND,,
407,12/1/12,-0.2,neutral,2012,December,NDJ,,
408,1/1/13,-0.4,neutral,2013,January,DJF,,
409,2/1/13,-0.4,neutral,2013,February,JFM,,
410,3/1/13,-0.3,neutral,2013,March,FMA,,
411,4/1/13,-0.3,neutral,2013,April,MAM,,
412,5/1/13,-0.4,neutral,2013,May,AMJ,,
413,6/1/13,-0.4,neutral,2013,June,MJJ,,
414,7/1/13,-0.4,neutral,2013,July,JJA,,
415,8/1/13,-0.3,neutral,2013,August,JAS,,
416,9/1/13,-0.3,neutral,2013,September,ASO,,
417,10/1/13,-0.2,neutral,2013,October,SON,,
418,11/1/13,-0.2,neutral,2013,November,OND,,
419,12/1/13,-0.3,neutral,2013,December,NDJ,,
420,1/1/14,-0.4,neutral,2014,January,DJF,,
421,2/1/14,-0.5,neutral,2014,February,JFM,,
422,3/1/14,-0.3,neutral,2014,March,FMA,,
423,4/1/14,0,neutral,2014,April,MAM,,
424,5/1/14,0.2,neutral,2014,May,AMJ,,
425,6/1/14,0.2,neutral,2014,June,MJJ,,
426,7/1/14,0,neutral,2014,July,JJA,,
427,8/1/14,0.1,neutral,2014,August,JAS,,
428,9/1/14,0.2,neutral,2014,September,ASO,,
429,10/1/14,0.5,neutral,2014,October,SON,,
430,11/1/14,0.6,neutral,2014,November,OND,,
431,12/1/14,0.7,neutral,2014,December,NDJ,,
432,1/1/15,0.5,neutral,2015,January,DJF,,
433,2/1/15,0.5,extreme_elnino,2015,February,JFM,0.5,
434,3/1/15,0.5,extreme_elnino,2015,March,FMA,0.5,
435,4/1/15,0.7,extreme_elnino,2015,April,MAM,0.7,
436,5/1/15,0.9,extreme_elnino,2015,May,AMJ,0.9,
437,6/1/15,1.2,extreme_elnino,2015,June,MJJ,1.2,
438,7/1/15,1.5,extreme_elnino,2015,July,JJA,1.5,
439,8/1/15,1.9,extreme_elnino,2015,August,JAS,1.9,
440,9/1/15,2.2,extreme_elnino,2015,September,ASO,2.2,
441,10/1/15,2.4,extreme_elnino,2015,October,SON,2.4,
442,11/1/15,2.6,extreme_elnino,2015,November,OND,2.6,
443,12/1/15,2.6,extreme_elnino,2015,December,NDJ,2.6,
444,1/1/16,2.5,extreme_elnino,2016,January,DJF,2.5,
445,2/1/16,2.1,extreme_elnino,2016,February,JFM,2.1,
446,3/1/16,1.6,extreme_elnino,2016,March,FMA,1.6,
447,4/1/16,0.9,extreme_elnino,2016,April,MAM,0.9,
448,5/1/16,0.4,neutral,2016,May,AMJ,,
449,6/1/16,-0.1,neutral,2016,June,MJJ,,
450,7/1/16,-0.4,neutral,2016,July,JJA,,
451,8/1/16,-0.5,neutral,2016,August,JAS,,
452,9/1/16,-0.6,neutral,2016,September,ASO,,
453,10/1/16,-0.7,neutral,2016,October,SON,,
454,11/1/16,-0.7,neutral,2016,November,OND,,
455,12/1/16,-0.6,lanina,2016,December,NDJ,,
456,1/1/17,-0.3,neutral,2017,January,DJF,,
457,2/1/17,-0.2,neutral,2017,February,JFM,,
458,3/1/17,0.1,neutral,2017,March,FMA,,
459,4/1/17,0.2,neutral,2017,April,MAM,,
460,5/1/17,0.3,neutral,2017,May,AMJ,,
461,6/1/17,0.3,neutral,2017,June,MJJ,,
462,7/1/17,0.1,neutral,2017,July,JJA,,
463,8/1/17,-0.1,neutral,2017,August,JAS,,
464,9/1/17,-0.4,neutral,2017,September,ASO,,
465,10/1/17,-0.7,neutral,2017,October,SON,,
466,11/1/17,-0.8,neutral,2017,November,OND,,
467,12/1/17,-1,neutral,2017,December,NDJ,,
468,1/1/18,-0.9,neutral,2018,January,DJF,,
469,2/1/18,-0.9,lanina,2018,February,JFM,,
470,3/1/18,-0.7,lanina,2018,March,FMA,,
471,4/1/18,-0.5,lanina,2018,April,MAM,,
472,5/1/18,-0.2,neutral,2018,May,AMJ,,
473,6/1/18,0,neutral,2018,June,MJJ,,
474,7/1/18,0.1,neutral,2018,July,JJA,,
475,8/1/18,0.2,neutral,2018,August,JAS,,
476,9/1/18,0.5,neutral,2018,September,ASO,,
477,10/1/18,0.8,neutral,2018,October,SON,,
478,11/1/18,0.9,neutral,2018,November,OND,,
479,12/1/18,0.8,neutral,2018,December,NDJ,,
480,1/1/19,0.7,elnino,2019,January,DJF,,
481,2/1/19,0.7,elnino,2019,February,JFM,,
482,3/1/19,0.7,elnino,2019,March,FMA,,
483,4/1/19,0.7,elnino,2019,April,MAM,,
484,5/1/19,0.5,elnino,2019,May,AMJ,,
485,6/1/19,0.5,elnino,2019,June,MJJ,,
486,7/1/19,0.3,neutral,2019,July,JJA,,
487,8/1/19,0.1,neutral,2019,August,JAS,,
488,9/1/19,0.2,neutral,2019,September,ASO,,
489,10/1/19,0.3,neutral,2019,October,SON,,
490,11/1/19,0.5,neutral,2019,November,OND,,
491,12/1/19,0.5,neutral,2019,December,NDJ,,
492,1/1/20,0.5,neutral,2020,January,DJF,,
493,2/1/20,0.5,neutral,2020,February,JFM,,
494,3/1/20,0.4,neutral,2020,March,FMA,,
495,4/1/20,0.2,neutral,2020,April,MAM,,
496,5/1/20,-0.1,neutral,2020,May,AMJ,,
497,6/1/20,-0.3,neutral,2020,June,MJJ,,
498,7/1/20,-0.4,neutral,2020,July,JJA,,
499,8/1/20,-0.6,neutral,2020,August,JAS,,
500,9/1/20,-0.9,neutral,2020,September,ASO,,
501,10/1/20,-1.2,neutral,2020,October,SON,,
502,11/1/20,-1.3,neutral,2020,November,OND,,
503,12/1/20,-1.2,lanina,2020,December,NDJ,,
504,1/1/21,-1,lanina,2021,January,DJF,,
505,2/1/21,-0.9,lanina,2021,February,JFM,,
506,3/1/21,-0.8,lanina,2021,March,FMA,,
507,4/1/21,-0.7,lanina,2021,April,MAM,,
508,5/1/21,-0.5,lanina,2021,May,AMJ,,
509,6/1/21,-0.4,neutral,2021,June,MJJ,,
510,7/1/21,-0.4,neutral,2021,July,JJA,,
511,8/1/21,-0.5,neutral,2021,August,JAS,,
512,9/1/21,-0.7,neutral,2021,September,ASO,,
513,10/1/21,-0.8,neutral,2021,October,SON,,
514,11/1/21,-1,neutral,2021,November,OND,,
515,12/1/21,-1,lanina,2021,December,NDJ,,
516,1/1/22,-1,lanina,2022,January,DJF,,
517,2/1/22,-0.9,lanina,2022,February,JFM,,
518,3/1/22,-1,lanina,2022,March,FMA,,
519,4/1/22,-1.1,lanina,2022,April,MAM,,
520,5/1/22,-1,lanina,2022,May,AMJ,,
521,6/1/22,-0.9,lanina,2022,June,MJJ,,
522,7/1/22,-0.8,lanina,2022,July,JJA,,
523,8/1/22,-0.9,lanina,2022,August,JAS,,
524,9/1/22,-1,lanina,2022,September,ASO,,
525,10/1/22,-1,lanina,2022,October,SON,,
526,11/1/22,-0.9,lanina,2022,November,OND,,
527,12/1/22,-0.8,lanina,2022,December,NDJ,,
528,1/1/23,-0.7,lanina,2023,January,DJF,,
529,2/1/23,-0.4,neutral,2023,February,JFM,,
530,3/1/23,-0.1,neutral,2023,March,FMA,,
531,4/1/23,0.2,neutral,2023,April,MAM,,
532,5/1/23,0.5,neutral,2023,May,AMJ,,
533,6/1/23,0.8,neutral,2023,June,MJJ,,
534,7/1/23,1.1,neutral,2023,July,JJA,,
535,8/1/23,1.3,neutral,2023,August,JAS,,
536,9/1/23,1.6,elnino,2023,September,ASO,,
537,10/1/23,1.8,elnino,2023,October,SON,,
538,11/1/23,,,2023,November,OND,,
539,12/1/23,,,2023,December,NDJ,,